channel,title,number,date,genre,detail
KBS2,(신사와아가씨),4418,10월2주차,드라마,"가족,로맨스"
SBS,(원더우먼),2728,10월2주차,드라마,로맨틱코미디
KBS2,(빨강구두),2693,10월2주차,드라마,"복수, 멜로"
KBS1,(국가대표와이프),2245,10월2주차,드라마,"가족, 코미디"
SBS,미운우리새끼다시쓰는육아일기,2236,10월2주차,예능,리얼리티
KBS2,1박2일,1966,10월2주차,예능,여행
SBS,(홍천기),1697,10월2주차,드라마,"사극, 로맨스, 판타지"
MBC,놀면뭐하니,1544,10월2주차,예능,리얼 버라이어티 쇼
KBS1,KBS9시뉴스,1526,10월2주차,뉴스,뉴스
KBS1,인간극장,1443,10월2주차,시사/교양,다큐
MBC,(검은태양THEVEIL),1442,10월2주차,드라마,액션
MBC,나혼자산다,1393,10월2주차,예능,리얼리티
SBS,TV동물농장,1358,10월2주차,시사/교양,리얼리티
SBS,궁금한이야기Y,1347,10월2주차,시사/교양,시사교양
SBS,골때리는그녀들,1325,10월2주차,예능,특집
KBS1,아침마당,1191,10월2주차,시사/교양,시사교양
KBS1,6시내고향,1137,10월2주차,시사/교양,시사교양
SBS,순간포착,1122,10월2주차,시사/교양,리얼리티
KBS2,박원숙의같이삽시다,1121,10월2주차,예능,시사교양
MBC,미스터리음악쇼복면가왕,1090,10월2주차,예능,음악
TV CHOSUN,내일은국민가수,3174,10월2주차,예능,오디션
TV CHOSUN,내일은국민가수,2710,10월2주차,예능,오디션
JTBC,어쩌다벤져스뭉쳐야찬다2,1681,10월2주차,예능,스포츠
TV CHOSUN,뽕숭아학당인생학교,1281,10월2주차,예능,예능
TV CHOSUN,뽕숭아학당인생학교,1197,10월2주차,예능,예능
TV CHOSUN,TV조선뉴스9,1088,10월2주차,뉴스,뉴스
TV CHOSUN,강적들,985,10월2주차,시사/교양,시사교양
TV CHOSUN,내일은국민가수,909,10월2주차,예능,오디션
TV CHOSUN,내딸하자,892,10월2주차,예능,예능
TV CHOSUN,TV조선뉴스7,891,10월2주차,뉴스,뉴스
tvN,(갯마을차차차),2736,10월2주차,드라마,로맨틱코미디
tvN,TVNSPORTS2022카타르월드컵최종예선,2133,10월2주차,스포츠,스포츠
tvN,슬기로운산촌생활,1814,10월2주차,예능,예능
tvN,유퀴즈온더블럭,1051,10월2주차,예능,토크쇼
tvN,하이클래스,1017,10월2주차,드라마,미스터리
tvN,리얼리티,808,10월2주차,예능,리얼리티
tvN,놀라운토요일예능신대륙개척,800,10월2주차,예능,리얼 버라이어티 쇼
Mnet,스트릿우먼파이터,797,10월2주차,예능,서바이벌
tvN,유미의세포들,685,10월2주차,드라마,"로맨스, 일상"
tvN,새해전야,577,10월2주차,영화,로맨스
KBS2,(신사와아가씨),4171,10월1주차,드라마,"가족,로맨스"
KBS2,(빨강구두),2698,10월1주차,드라마,"복수, 멜로"
KBS1,(속아도꿈결),2657,10월1주차,드라마,"가족, 로맨스"
SBS,(원더우먼),2491,10월1주차,드라마,로맨틱코미디
SBS,미운우리새끼다시쓰는육아일기,2090,10월1주차,예능,리얼리티
KBS2,1박2일,1943,10월1주차,예능,여행
KBS1,KBS9시뉴스,1722,10월1주차,뉴스,뉴스
MBC,(검은태양),1674,10월1주차,드라마,액션
MBC,나혼자산다,1665,10월1주차,예능,리얼리티
SBS,(홍천기),1632,10월1주차,드라마,"사극, 로맨스, 판타지"
MBC,놀면뭐하니,1582,10월1주차,예능,리얼 버라이어티 쇼
SBS,골때리는그녀들,1476,10월1주차,예능,특집
KBS1,인간극장,1347,10월1주차,시사/교양,다큐
SBS,TV동물농장,1321,10월1주차,시사/교양,리얼리티
KBS2,살림하는남자들,1250,10월1주차,예능,리얼리티
MBC,황금어장라디오스타,1218,10월1주차,예능,토크쇼
KBS1,김영철의동네한바퀴,1198,10월1주차,시사/교양,다큐
KBS1,가요무대,1179,10월1주차,음악,음악
KBS1,아침마당,1135,10월1주차,시사/교양,시사교양
KBS1,6시내고향,1106,10월1주차,시사/교양,시사교양
TV CHOSUN,사랑의 콜센터 - TOP6의선물,2079,10월1주차,예능,리얼리티
TV CHOSUN,사랑의 콜센터 - TOP6의선물,1981,10월1주차,예능,리얼리티
JTBC,어쩌다벤져스뭉쳐야찬다2,1669,10월1주차,예능,스포츠
TV CHOSUN,뽕숭아학당인생학교,1429,10월1주차,예능,예능
TV CHOSUN,뽕숭아학당인생학교,1315,10월1주차,예능,예능
TV CHOSUN,TV조선뉴스9,1156,10월1주차,뉴스,뉴스
TV CHOSUN,와이프 카드 쓰는 남자,1117,10월1주차,예능,리얼리티
TV CHOSUN,강적들,964,10월1주차,시사/교양,시사교양
MBN,나는자연인이다,947,10월1주차,시사/교양,다큐
TV CHOSUN,와이프 카드 쓰는 남자,923,10월1주차,예능,리얼리티
tvN,(갯마을차차차),2608,10월1주차,드라마,로맨틱코미디
tvN,유퀴즈온더블럭,1136,10월1주차,예능,토크쇼
tvN,하이클래스,898,10월1주차,드라마,미스터리
tvN,리얼리티,852,10월1주차,예능,리얼리티
tvN,서복,846,10월1주차,영화,"액션, SF"
tvN,놀라운토요일예능신대륙개척,837,10월1주차,예능,리얼 버라이어티 쇼
tvN,유미의세포들,705,10월1주차,드라마,"로맨스, 일상"
Mnet,스트릿우먼파이터,693,10월1주차,예능,서바이벌
tvN,식스센스2,611,10월1주차,예능,"추리, 예능"
tvN,전무후무한특종랭킹프리한19,509,10월1주차,예능,예능
KBS2,(오케이광자매),5105,9월3주차,드라마,로맨스
KBS2,(빨강구두),2634,9월3주차,드라마,"복수, 멜로"
KBS1,(속아도꿈결),2546,9월3주차,드라마,"가족, 로맨스"
KBS2,2021한가위대기획피어나라대한민국심수봉,2006,9월3주차,특집,특집
SBS,미운우리새끼다시쓰는육아일기,1849,9월3주차,예능,리얼리티
MBC,놀면뭐하니,1830,9월3주차,예능,리얼 버라이어티 쇼
SBS,(홍천기),1826,9월3주차,드라마,"사극, 로맨스, 판타지"
KBS1,KBS9시뉴스,1747,9월3주차,뉴스,뉴스
KBS2,1박2일,1693,9월3주차,예능,여행
MBC,나혼자산다,1482,9월3주차,예능,리얼리티
SBS,골때리는그녀들,1461,9월3주차,예능,특집
SBS,(원더우먼),1409,9월3주차,드라마,로맨틱코미디
MBC,(검은태양THEVEIL),1407,9월3주차,드라마,액션
KBS1,인간극장,1294,9월3주차,시사/교양,다큐
KBS2,슈퍼맨이돌아왔다,1278,9월3주차,예능,리얼리티
SBS,집사부일체,1276,9월3주차,예능,리얼 버라이어티 쇼
SBS,TV동물농장,1262,9월3주차,시사/교양,리얼리티
KBS2,살림하는남자들,1209,9월3주차,예능,리얼리티
SBS,궁금한이야기Y,1202,9월3주차,시사/교양,시사교양
SBS,순간포착,1195,9월3주차,시사/교양,리얼리티
TV CHOSUN,사랑의콜센타,1824,9월3주차,예능,리얼리티
JTBC,어쩌다벤져스뭉쳐야찬다2,1792,9월3주차,예능,스포츠
TV CHOSUN,사랑의콜센타,1741,9월3주차,예능,리얼리티
TV CHOSUN,뽕숭아학당인생학교,1517,9월3주차,예능,예능
TV CHOSUN,뽕숭아학당인생학교,1498,9월3주차,예능,예능
TV CHOSUN,국민의힘대선후보경선토론회,1110,9월3주차,시사/교양,시사교양
TV CHOSUN,TV조선뉴스9,1037,9월3주차,뉴스,뉴스
TV CHOSUN,강적들,930,9월3주차,시사/교양,시사교양
TV CHOSUN,내딸하자,885,9월3주차,예능,예능
TV CHOSUN,골프왕,823,9월3주차,예능,스포츠
tvN,슬기로운의사생활2,3853,9월3주차,드라마,의학
tvN,(갯마을차차차),2214,9월3주차,드라마,로맨틱코미디
tvN,유퀴즈온더블럭,1245,9월3주차,예능,토크쇼
tvN,대탈출4,907,9월3주차,예능,리얼리티
tvN,식스센스2,871,9월3주차,예능,"추리, 예능"
tvN,하이클래스,841,9월3주차,드라마,미스터리
tvN,벌거벗은세계사,819,9월3주차,예능,역사
tvN,놀라운토요일예능신대륙개척,764,9월3주차,예능,리얼 버라이어티 쇼
Mnet,스트릿우먼파이터,738,9월3주차,예능,서바이벌
tvN,빌려드립니다바퀴달린집,669,9월3주차,예능,예능
KBS2,(오케이광자매),5217,9월1주차,드라마,로맨스
SBS,(WARINLIFE펜트하우스3),3444,9월1주차,드라마,스릴러
KBS2,(빨강구두),2602,9월1주차,드라마,"복수, 멜로"
KBS1,(속아도꿈결),2591,9월1주차,드라마,"가족, 로맨스"
KBS2,1박2일,2245,9월1주차,예능,여행
SBS,미운우리새끼다시쓰는육아일기,2236,9월1주차,예능,리얼리티
MBC,놀면뭐하니,1883,9월1주차,예능,리얼 버라이어티 쇼
KBS1,KBS9시뉴스,1763,9월1주차,뉴스,뉴스
MBC,나혼자산다,1577,9월1주차,예능,리얼리티
KBS1,인간극장,1552,9월1주차,시사/교양,다큐
KBS2,살림하는남자들,1516,9월1주차,예능,리얼리티
SBS,순간포착,1355,9월1주차,시사/교양,리얼리티
SBS,(홍천기),1354,9월1주차,드라마,"사극, 로맨스, 판타지"
SBS,궁금한이야기Y,1317,9월1주차,시사/교양,시사교양
KBS1,특파원보고세계는지금,1292,9월1주차,시사/교양,시사교양
SBS,TV동물농장,1281,9월1주차,시사/교양,리얼리티
KBS2,(경찰수업),1278,9월1주차,드라마,형사
KBS2,사장님귀는당나귀귀,1273,9월1주차,예능,리얼 버라이어티 쇼
KBS1,김영철의동네한바퀴,1218,9월1주차,시사/교양,다큐
KBS1,가요무대,1179,9월1주차,음악,음악
TV CHOSUN,사랑의콜센타,2093,9월1주차,예능,리얼리티
JTBC,어쩌다벤져스뭉쳐야찬다2,2057,9월1주차,예능,스포츠
TV CHOSUN,뽕숭아학당인생학교,1803,9월1주차,예능,예능
TV CHOSUN,사랑의콜센타,1793,9월1주차,예능,리얼리티
TV CHOSUN,뽕숭아학당인생학교,1538,9월1주차,예능,예능
TV CHOSUN,TV조선뉴스9,1124,9월1주차,뉴스,뉴스
TV CHOSUN,내딸하자,1092,9월1주차,예능,예능
TV CHOSUN,강적들,1006,9월1주차,시사/교양,시사교양
TV CHOSUN,내딸하자,1000,9월1주차,예능,예능
TV CHOSUN,골프왕,971,9월1주차,예능,스포츠
tvN,(갯마을차차차),2178,9월1주차,드라마,로맨틱코미디
tvN,유퀴즈온더블럭,1513,9월1주차,예능,토크쇼
tvN,TVNSPORTS2022카타르월드컵최종예선,1349,9월1주차,스포츠,스포츠
tvN,놀라운토요일예능신대륙개척,863,9월1주차,예능,리얼 버라이어티 쇼
tvN,벌거벗은세계사,808,9월1주차,예능,역사
tvN,식스센스2,798,9월1주차,예능,"추리, 예능"
tvN,대탈출4,791,9월1주차,예능,리얼리티
tvN,코미디빅리그,523,9월1주차,예능,코미디
Mnet,스트릿우먼파이터,509,9월1주차,예능,서바이벌
tvN,신혼옵서예우도주막,460,9월1주차,예능,자영업
KBS2,(오케이광자매),5345,8월3주차,드라마,로맨스
SBS,(WARINLIFE펜트하우스3),3681,8월3주차,드라마,스릴러
KBS1,(속아도꿈결),2672,8월3주차,드라마,"가족, 로맨스"
KBS2,(빨강구두),2461,8월3주차,드라마,"복수, 멜로"
SBS,미운우리새끼다시쓰는육아일기,2386,8월3주차,예능,리얼리티
MBC,놀면뭐하니,2226,8월3주차,예능,리얼 버라이어티 쇼
KBS2,1박2일,2134,8월3주차,예능,여행
KBS1,KBS9시뉴스,1913,8월3주차,뉴스,뉴스
MBC,나혼자산다,1877,8월3주차,예능,리얼리티
KBS2,살림하는남자들,1661,8월3주차,예능,리얼리티
KBS1,인간극장,1472,8월3주차,시사/교양,다큐
SBS,TV동물농장,1435,8월3주차,시사/교양,리얼리티
KBS1,가요무대,1416,8월3주차,음악,음악
KBS2,(경찰수업),1412,8월3주차,드라마,형사
MBC,안싸우면다행이야,1406,8월3주차,예능,리얼리티
KBS2,사장님귀는당나귀귀,1329,8월3주차,예능,리얼 버라이어티 쇼
KBS1,김영철의동네한바퀴,1308,8월3주차,시사/교양,다큐
KBS1,우리말겨루기,1289,8월3주차,시사/교양,퀴즈
KBS1,특파원보고세계는지금,1277,8월3주차,시사/교양,시사교양
KBS1,시니어토크쇼황금연못,1249,8월3주차,시사/교양,시사교양
JTBC,어쩌다벤져스뭉쳐야찬다2,2140,8월3주차,예능,스포츠
TV CHOSUN,사랑의콜센타,2105,8월3주차,예능,리얼리티
TV CHOSUN,사랑의콜센타,1816,8월3주차,예능,리얼리티
JTBC,아는형님,1574,8월3주차,예능,리얼리티
TV CHOSUN,뽕숭아학당인생학교,1532,8월3주차,예능,예능
TV CHOSUN,뽕숭아학당인생학교,1307,8월3주차,예능,예능
TV CHOSUN,내딸하자땡큐콘서트,1256,8월3주차,예능,예능땡큐콘서트
TV CHOSUN,내딸하자땡큐콘서트,1195,8월3주차,예능,예능땡큐콘서트
TV CHOSUN,TV조선뉴스9,1151,8월3주차,뉴스,뉴스
TV CHOSUN,골프왕,1022,8월3주차,예능,스포츠
tvN,슬기로운의사생활2,3470,8월3주차,드라마,의학
tvN,악마판사,1916,8월3주차,드라마,"미스터리, 법률"
tvN,유퀴즈온더블럭,1762,8월3주차,예능,토크쇼
tvN,식스센스2,993,8월3주차,예능,"추리, 예능"
tvN,놀라운토요일예능신대륙개척,954,8월3주차,예능,리얼 버라이어티 쇼
tvN,대탈출4,825,8월3주차,예능,리얼리티
tvN,벌거벗은세계사,731,8월3주차,예능,역사
SPOTV,2021/2022프리미어리그,574,8월3주차,스포츠,스포츠
tvN,코미디빅리그,525,8월3주차,예능,코미디빅리그
tvN,미스터리실험쇼다빈치노트,511,8월3주차,예능,"미스터리, 과학"
KBS2,(오케이광자매),4768,8월1주차,드라마,로맨스
SBS,(WARINLIFE펜트하우스3),3092,8월1주차,드라마,스릴러
SBS,SBS도쿄올림픽여자배구(4강한국:브라질),2349,8월1주차,스포츠,스포츠
KBS2,1박2일,2239,8월1주차,예능,여행
KBS1,(속아도꿈결),1602,8월1주차,드라마,"가족, 로맨스"
SBS,미운우리새끼다시쓰는육아일기,1591,8월1주차,예능,리얼리티
KBS2,슈퍼맨이돌아왔다,1508,8월1주차,예능,리얼리티
KBS1,KBS9시뉴스,1440,8월1주차,뉴스,뉴스
KBS1,인간극장,1360,8월1주차,시사/교양,다큐
MBC,전지적참견시점,1356,8월1주차,예능,리얼리티
MBC,나혼자산다,1300,8월1주차,예능,리얼리티
KBS2,사장님귀는당나귀귀,1254,8월1주차,예능,리얼 버라이어티 쇼
KBS1,한국인의밥상,1251,8월1주차,시사/교양,시사교양
KBS1,아침마당,1183,8월1주차,시사/교양,시사교양
KBS1,2020도쿄올림픽결산특집다시우리의이야기,1134,8월1주차,시사/교양,스포츠
KBS1,KBS뉴스광장,1120,8월1주차,뉴스,뉴스
SBS,SBS도쿄올림픽야구(패자준결승한국:미국),1079,8월1주차,스포츠,스포츠
SBS,SBS8뉴스,1078,8월1주차,뉴스,뉴스
KBS1,우리말겨루기,1047,8월1주차,시사/교양,퀴즈
KBS1,KBS뉴스7,1040,8월1주차,뉴스,뉴스
TV CHOSUN,(결혼작사이혼작곡2),2795,8월1주차,드라마,멜로
JTBC,어쩌다벤져스뭉쳐야찬다2,2063,8월1주차,예능,스포츠
TV CHOSUN,뽕숭아학당인생학교,1709,8월1주차,예능,예능
TV CHOSUN,뽕숭아학당인생학교,1626,8월1주차,예능,예능
TV CHOSUN,사랑의콜센타TOP6메들리,1405,8월1주차,예능,리얼리티
TV CHOSUN,사랑의콜센타TOP6메들리,1005,8월1주차,예능,리얼리티
JTBC,아는형님,1001,8월1주차,예능,리얼리티
TV CHOSUN,골프왕,974,8월1주차,예능,스포츠
JTBC,1호가될순없어,944,8월1주차,예능,토크쇼
TV CHOSUN,내딸하자힘내라대한민국특집,901,8월1주차,예능,스포츠
tvN,슬기로운의사생활2,2920,8월1주차,드라마,의학
tvN,악마판사,1553,8월1주차,드라마,"미스터리, 법률"
tvN,놀라운토요일예능신대륙개척,971,8월1주차,예능,리얼 버라이어티 쇼
tvN,(더로드1의비극),779,8월1주차,드라마,미스터리
tvN,미스터리실험쇼다빈치노트,731,8월1주차,예능,"미스터리, 과학"
tvN,대탈출4,696,8월1주차,예능,리얼리티
tvN,벌거벗은세계사,694,8월1주차,예능,역사
tvN,식스센스2,580,8월1주차,예능,"추리, 예능"
tvN,유퀴즈온더블럭국가대표급자기님들,574,8월1주차,예능,토크쇼
tvN,전무후무한특종랭킹프리한19,519,8월1주차,예능,예능
SBS,(WARINLIFE펜트하우스3),2971,7월5주차,드라마,스릴러
KBS1,KBS9시뉴스,2056,7월5주차,뉴스,뉴스
KBS1,인간극장,1678,7월5주차,시사/교양,다큐
SBS,궁금한이야기Y,1626,7월5주차,시사/교양,시사교양
SBS,미운우리새끼다시쓰는육아일기,1556,7월5주차,예능,리얼리티
MBC,나혼자산다,1493,7월5주차,예능,리얼리티
SBS,SBS8뉴스,1445,7월5주차,뉴스,뉴스
KBS1,아침마당,1230,7월5주차,시사/교양,시사교양
SBS,(라켓소년단),1188,7월5주차,드라마,스포츠
MBC,황금어장라디오스타,1174,7월5주차,예능,토크쇼
MBC,MBC뉴스데스크,1142,7월5주차,뉴스,뉴스
KBS1,다큐온(암자의여름),1139,7월5주차,예능,다큐
KBS1,걸어서세계속으로,1118,7월5주차,시사/교양,시사교양
KBS2,슈퍼맨이돌아왔다,1110,7월5주차,예능,리얼리티
KBS1,(그섬에살고싶다),1105,7월5주차,다큐,다큐
KBS1,KBS뉴스광장,1092,7월5주차,뉴스,뉴스
KBS1,가요무대,1076,7월5주차,음악,음악
KBS2,여기는도쿄축구(예선한국:온두라스),1061,7월5주차,스포츠,스포츠
KBS1,숨터컬렉션,955,7월5주차,다큐,시사교양
SBS,백종원의골목식당,948,7월5주차,예능,예능
TV CHOSUN,(결혼작사이혼작곡2),2412,7월5주차,드라마,멜로
TV CHOSUN,사랑의콜센타스페셜듀엣,1352,7월5주차,예능,리얼리티
TV CHOSUN,와이프 카드 쓰는 남자,1273,7월5주차,예능,리얼리티
TV CHOSUN,내딸하자,1264,7월5주차,예능,예능
TV CHOSUN,내딸하자,1227,7월5주차,예능,예능
TV CHOSUN,뽕숭아학당인생학교여름특집,1196,7월5주차,예능,예능
TV CHOSUN,TV조선뉴스9,1093,7월5주차,뉴스,뉴스
MBN,현장르포특종세상,1017,7월5주차,시사/교양,시사교양
TV CHOSUN,(마이웨이),1014,7월5주차,영화,전쟁
TV CHOSUN,골프왕,1006,7월5주차,예능,스포츠
tvN,유퀴즈온더블럭,1697,7월5주차,예능,토크쇼
tvN,슬기로운의사생활2,1619,7월5주차,드라마,의학
tvN,악마판사,1202,7월5주차,드라마,미스터리
tvN,놓치지말아야할소리보이스4,1094,7월5주차,드라마,범죄
tvN,식스센스2,956,7월5주차,예능,추리
tvN,벌거벗은세계사,823,7월5주차,예능,역사
tvN,놀라운토요일예능신대륙개척,695,7월5주차,예능,리얼 버라이어티 쇼
tvN,대탈출4,648,7월5주차,예능,리얼리티
tvN,코미디빅리그,584,7월5주차,예능,코미디
tvN,너는나의봄,498,7월5주차,드라마,로맨스
KBS2,(오케이광자매),4966,7월3주차,드라마,로맨스
SBS,(WARINLIFE펜트하우스3),3357,7월3주차,드라마,스릴러
SBS,미운우리새끼다시쓰는육아일기,2622,7월3주차,예능,리얼리티
KBS1,(속아도꿈결),2617,7월3주차,드라마,로맨스
KBS2,(빨강구두),2092,7월3주차,드라마, 멜로
KBS2,1박2일,2034,7월3주차,예능,여행
MBC,놀면뭐하니,2031,7월3주차,예능,리얼 버라이어티 쇼
KBS1,KBS9시뉴스,1931,7월3주차,뉴스,뉴스
SBS,SBS스포츠축구(도쿄올림픽대표팀출정식경기한국:프랑스),1670,7월3주차,스포츠,스포츠
KBS1,인간극장,1611,7월3주차,시사/교양,다큐
SBS,TV동물농장,1537,7월3주차,시사/교양,리얼리티
MBC,나혼자산다,1492,7월3주차,예능,리얼리티
KBS2,KBS스포츠축구(하나은행초청올림픽대표팀평가전한국:아르헨티나),1459,7월3주차,스포츠,스포츠
KBS1,가요무대,1447,7월3주차,음악,음악
KBS1,특파원보고세계는지금,1365,7월3주차,시사/교양,시사교양
SBS,골때리는그녀들,1271,7월3주차,예능,특집
SBS,순간포착,1245,7월3주차,시사/교양,리얼리티
KBS1,KBS뉴스7,1202,7월3주차,뉴스,뉴스
KBS1,아침마당,1188,7월3주차,시사/교양,시사교양
KBS1,한국인의밥상,1181,7월3주차,시사/교양,시사교양
TV CHOSUN,(결혼작사이혼작곡2),2331,7월3주차,드라마,멜로
TV CHOSUN,뽕숭아학당인생학교,2091,7월3주차,예능,예능
TV CHOSUN,사랑의콜센타,2040,7월3주차,예능,리얼리티
TV CHOSUN,뽕숭아학당인생학교,1608,7월3주차,예능,예능
TV CHOSUN,사랑의콜센타,1491,7월3주차,예능,리얼리티
JTBC,뭉쳐야쏜다전설들의농구대잔치,1363,7월3주차,예능,스포츠
TV CHOSUN,와이프 카드 쓰는 남자,1283,7월3주차,예능,리얼리티
TV CHOSUN,내딸하자,1253,7월3주차,예능,예능
TV CHOSUN,TV조선뉴스9,1177,7월3주차,뉴스,뉴스
TV CHOSUN,내딸하자,1160,7월3주차,예능,예능
tvN,슬기로운의사생활2,3338,7월3주차,드라마,의학
tvN,악마판사,1467,7월3주차,드라마,미스터리
tvN,유퀴즈온더블럭,1116,7월3주차,예능,토크쇼
tvN,보이스4,1027,7월3주차,드라마,범죄
tvN,(간떨어지는동거),1001,7월3주차,드라마,판타지
tvN,놀라운토요일예능신대륙개척,956,7월3주차,예능,리얼 버라이어티 쇼
tvN,식스센스2,765,7월3주차,예능,추리
tvN,대탈출4,644,7월3주차,예능,리얼리티
tvN,너는나의봄,628,7월3주차,드라마,로맨스
tvN,신혼옵서예우도주막,601,7월3주차,예능,자영업
KBS2,(오케이광자매),5069,7월1주차,드라마,로맨스
SBS,(WARINLIFE펜트하우스3),3191,7월1주차,드라마,스릴러
KBS1,(속아도꿈결),2611,7월1주차,드라마,로맨스
KBS2,(미스몬테크리스토),2606,7월1주차,드라마,로맨스
SBS,미운우리새끼다시쓰는육아일기,2584,7월1주차,예능,리얼리티
KBS2,1박2일,2209,7월1주차,예능,여행
MBC,놀면뭐하니,2086,7월1주차,예능,리얼 버라이어티 쇼
KBS1,KBS9시뉴스,1801,7월1주차,뉴스,뉴스
MBC,나혼자산다,1524,7월1주차,예능,리얼리티
KBS1,인간극장,1521,7월1주차,시사/교양,다큐
SBS,TV동물농장,1472,7월1주차,시사/교양,리얼리티
KBS1,김영철의동네한바퀴,1352,7월1주차,시사/교양,다큐
KBS1,가요무대,1254,7월1주차,음악,음악
SBS,꼬리에꼬리를무는그날이야기2,1231,7월1주차,예능,시사교양
SBS,순간포착,1203,7월1주차,시사/교양,리얼리티
KBS1,아침마당,1181,7월1주차,시사/교양,시사교양
SBS,궁금한이야기Y,1171,7월1주차,시사/교양,시사교양
MBC,안싸우면다행이야,1146,7월1주차,예능,리얼리티
SBS,골때리는그녀들,1143,7월1주차,예능,특집
KBS2,불후의명곡,1092,7월1주차,예능,음악
TV CHOSUN,사랑의콜센타,2429,7월1주차,예능,리얼리티
TV CHOSUN,사랑의콜센타,2059,7월1주차,예능,리얼리티
TV CHOSUN,뽕숭아학당인생학교,1775,7월1주차,예능,예능
MBN,(보쌈운명을훔치다),1762,7월1주차,드라마,사극
TV CHOSUN,(결혼작사이혼작곡2),1737,7월1주차,드라마,멜로
TV CHOSUN,뽕숭아학당인생학교,1718,7월1주차,예능,예능
MBN,보이스킹,1452,7월1주차,예능,음악
JTBC,뭉쳐야쏜다전설들의농구대잔치,1433,7월1주차,예능,스포츠
MBN,보이스킹,1356,7월1주차,예능,음악
TV CHOSUN,내딸하자,1223,7월1주차,예능,예능
tvN,슬기로운의사생활2,2876,7월1주차,드라마,의학
tvN,악마판사,1313,7월1주차,드라마,미스터리
tvN,유퀴즈온더블럭,1192,7월1주차,예능,토크쇼
tvN,놓치지말아야할소리보이스4,1007,7월1주차,드라마,범죄
tvN,놀라운토요일예능신대륙개척,961,7월1주차,예능,리얼 버라이어티 쇼
tvN,(간떨어지는동거),850,7월1주차,드라마,판타지
tvN,식스센스2,730,7월1주차,예능,추리
tvN,벌거벗은세계사,648,7월1주차,예능,역사
tvN,알아두면쓸데있는범죄잡학사전,593,7월1주차,예능,예능
tvN,(어느날우리집현관으로멸망이들어왔다),564,7월1주차,드라마,로맨스
KBS2,(오케이광자매),4623,6월3주차,드라마,로맨스
SBS,(WARINLIFE펜트하우스3),2964,6월3주차,드라마,스릴러
KBS1,(속아도꿈결),2623,6월3주차,드라마,로맨스
KBS2,(미스몬테크리스토),2481,6월3주차,드라마,로맨스
SBS,미운우리새끼다시쓰는육아일기,2068,6월3주차,예능,리얼리티
KBS2,1박2일,1813,6월3주차,예능,여행
KBS1,KBS9시뉴스,1772,6월3주차,뉴스,뉴스
MBC,놀면뭐하니,1746,6월3주차,예능,리얼 버라이어티 쇼
KBS1,인간극장,1621,6월3주차,시사/교양,다큐
MBC,나혼자산다,1423,6월3주차,예능,리얼리티
KBS1,가요무대,1340,6월3주차,음악,음악
SBS,궁금한이야기Y,1252,6월3주차,시사/교양,시사교양
KBS1,아침마당,1203,6월3주차,시사/교양,시사교양
SBS,TV동물농장,1197,6월3주차,시사/교양,리얼리티
KBS2,살림하는남자들,1139,6월3주차,예능,리얼리티
KBS1,우리말겨루기,1119,6월3주차,시사/교양,퀴즈
KBS1,김영철의동네한바퀴,1106,6월3주차,시사/교양,다큐
KBS2,사장님귀는당나귀귀,1096,6월3주차,예능,리얼 버라이어티 쇼
KBS1,KBS뉴스광장,1082,6월3주차,뉴스,뉴스
MBC,(밥이되어라),1048,6월3주차,드라마,로맨스
TV CHOSUN,사랑의콜센타,2379,6월3주차,예능,리얼리티
TV CHOSUN,사랑의콜센타,2379,6월3주차,예능,리얼리티
TV CHOSUN,뽕숭아학당인생학교,1963,6월3주차,예능,예능
MBN,(보쌈운명을훔치다),1578,6월3주차,드라마,사극
TV CHOSUN,내딸하자,1502,6월3주차,예능,예능
TV CHOSUN,내딸하자,1470,6월3주차,예능,예능
TV CHOSUN,뽕숭아학당인생학교,1417,6월3주차,예능,예능
MBN,보이스킹,1395,6월3주차,예능,음악
JTBC,뭉쳐야쏜다전설들의농구대잔치,1225,6월3주차,예능,스포츠
채널A,강철부대,1156,6월3주차,예능,서바이벌
tvN,슬기로운의사생활2,2629,6월3주차,드라마,의학
tvN,마인,2077,6월3주차,드라마,스릴러
tvN,유퀴즈온더블럭,1117,6월3주차,예능,토크쇼
tvN,놀라운토요일예능신대륙개척,884,6월3주차,예능,리얼 버라이어티 쇼
tvN,알아두면쓸데있는범죄잡학사전,868,6월3주차,예능,예능
tvN,(간떨어지는동거),865,6월3주차,드라마,판타지
tvN,보이스4,846,6월3주차,드라마,범죄
tvN,바퀴달린집2,844,6월3주차,예능,리얼리티
tvN,(어느날우리집현관으로멸망이들어왔다),613,6월3주차,드라마,로맨스
tvN,벌거벗은세계사,545,6월3주차,예능,역사
KBS2,(오케이광자매),4272,6월1주차,드라마,로맨스
SBS,(WARINLIFE펜트하우스3),3593,6월1주차,드라마,스릴러
KBS2,(미스몬테크리스토),2573,6월1주차,드라마,로맨스
KBS1,(속아도꿈결),2522,6월1주차,드라마,로맨스
SBS,미운우리새끼다시쓰는육아일기,2312,6월1주차,예능,리얼리티
MBC,놀면뭐하니,1969,6월1주차,예능,리얼 버라이어티 쇼
MBC,나혼자산다,1714,6월1주차,예능,리얼리티
KBS2,1박2일,1669,6월1주차,예능,여행
KBS1,KBS9시뉴스,1609,6월1주차,뉴스,뉴스
SBS,궁금한이야기Y,1581,6월1주차,시사/교양,시사교양
KBS1,인간극장,1489,6월1주차,시사/교양,다큐
KBS2,살림하는남자들,1179,6월1주차,예능,리얼리티
KBS1,한국인의밥상,1118,6월1주차,시사/교양,시사교양
SBS,순간포착,1117,6월1주차,시사/교양,리얼리티
KBS1,아침마당,1115,6월1주차,시사/교양,시사교양
SBS,그것이알고싶다,1108,6월1주차,시사/교양,시사교양
SBS,라우드,1105,6월1주차,예능,오디션
KBS1,김영철의동네한바퀴,1077,6월1주차,시사/교양,다큐
MBC,(밥이되어라),1027,6월1주차,드라마,로맨스
MBC,미스터리음악쇼복면가왕,1027,6월1주차,예능,음악
TV CHOSUN,사랑의콜센타,2383,6월1주차,예능,리얼리티
TV CHOSUN,뽕숭아학당인생학교,2238,6월1주차,예능,예능
TV CHOSUN,사랑의콜센타,2227,6월1주차,예능,리얼리티
TV CHOSUN,TV조선스포츠축구(월드컵아시아예선한국:투르크메니스탄),1891,6월1주차,스포츠,스포츠
TV CHOSUN,뽕숭아학당인생학교,1857,6월1주차,예능,예능
MBN,(보쌈운명을훔치다),1450,6월1주차,드라마,사극
TV CHOSUN,내딸하자,1399,6월1주차,예능,예능
JTBC,뭉쳐야쏜다전설들의농구대잔치,1355,6월1주차,예능,스포츠
TV CHOSUN,내딸하자,1299,6월1주차,예능,예능
MBN,보이스킹,1267,6월1주차,예능,음악
tvN,마인,1976,6월1주차,드라마,스릴러
tvN,유퀴즈온더블럭,1057,6월1주차,예능,토크쇼
tvN,(간떨어지는동거),1049,6월1주차,드라마,판타지
tvN,놀라운토요일예능신대륙개척,921,6월1주차,예능,리얼 버라이어티 쇼
tvN,바퀴달린집2,837,6월1주차,예능,리얼리티
tvN,(어느날우리집현관으로멸망이들어왔다),770,6월1주차,드라마,로맨스
tvN,알아두면쓸데있는범죄잡학사전,670,6월1주차,예능,예능
tvN,벌거벗은세계사,547,6월1주차,예능,역사
tvN,코미디빅리그,489,6월1주차,예능,코미디
tvN,신박한정리집구석카운슬링,487,6월1주차,예능,리얼리티
KBS2,(오케이광자매),4599,5월5주차,드라마,로맨스
SBS,(복수대행써비스모범택시),2554,5월5주차,드라마,범죄
KBS1,(속아도꿈결),2535,5월5주차,드라마,로맨스
SBS,미운우리새끼다시쓰는육아일기,2495,5월5주차,예능,리얼리티
KBS2,(미스몬테크리스토),2236,5월5주차,드라마,로맨스
MBC,놀면뭐하니,2067,5월5주차,예능,리얼 버라이어티 쇼
KBS2,1박2일,1946,5월5주차,예능,여행
SBS,그것이알고싶다,1901,5월5주차,시사/교양,시사교양
SBS,궁금한이야기Y,1708,5월5주차,시사/교양,시사교양
MBC,나혼자산다,1622,5월5주차,예능,리얼리티
KBS1,KBS9시뉴스,1576,5월5주차,뉴스,뉴스
KBS1,한국인의밥상,1484,5월5주차,시사/교양,시사교양
KBS1,인간극장,1480,5월5주차,시사/교양,다큐
SBS,TV동물농장,1434,5월5주차,시사/교양,리얼리티
KBS2,살림하는남자들,1298,5월5주차,예능,리얼리티
MBC,안싸우면다행이야,1247,5월5주차,예능,리얼리티
KBS1,가요무대,1187,5월5주차,음악,음악
KBS1,아침마당,1183,5월5주차,시사/교양,시사교양
KBS2,슈퍼맨이돌아왔다,1183,5월5주차,예능,리얼리티
SBS,동상이몽2너는내운명,1128,5월5주차,예능,리얼리티
TV CHOSUN,사랑의콜센타,2327,5월5주차,예능,리얼리티
TV CHOSUN,사랑의콜센타,2121,5월5주차,예능,리얼리티
TV CHOSUN,뽕숭아학당인생학교,1774,5월5주차,예능,예능
TV CHOSUN,내딸하자,1641,5월5주차,예능,예능
TV CHOSUN,내딸하자,1512,5월5주차,예능,예능
TV CHOSUN,뽕숭아학당인생학교,1504,5월5주차,예능,예능
JTBC,뭉쳐야쏜다전설들의농구대잔치,1435,5월5주차,예능,스포츠
JTBC,(로스쿨),1315,5월5주차,드라마,법률
채널A,강철부대,1271,5월5주차,예능,리얼리티
MBN,(보쌈운명을훔치다),1240,5월5주차,드라마,사극
tvN,마인,1966,5월5주차,드라마,스릴러
tvN,(간떨어지는동거),1144,5월5주차,드라마,로맨스
tvN,유퀴즈온더블럭,1077,5월5주차,예능,토크쇼
tvN,바퀴달린집2,985,5월5주차,예능,여행
tvN,알아두면쓸데있는범죄잡학사전,915,5월5주차,예능,범죄
tvN,(어느날우리집현관으로멸망이들어왔다),835,5월5주차,드라마,로맨스
tvN,놀라운토요일예능신대륙개척,827,5월5주차,예능,리얼 버라이어티 쇼
tvN,코미디빅리그,577,5월5주차,예능,코미디
tvN,온앤오프,435,5월5주차,예능,리얼리티
tvN,전무후무한특종랭킹프리한19,432,5월5주차,예능,예능
KBS2,(오케이광자매),4936,5월3주차,드라마,로맨스
SBS,미운우리새끼다시쓰는육아일기,2664,5월3주차,예능,리얼리티
KBS2,(미스몬테크리스토),2583,5월3주차,드라마,"복수, 멜로"
MBC,놀면뭐하니,2549,5월3주차,예능,리얼 버라이어티 쇼
SBS,(복수대행써비스모범택시),2548,5월3주차,드라마,범죄
KBS1,(속아도꿈결),2548,5월3주차,드라마,"가족, 로맨스"
KBS2,1박2일,2381,5월3주차,예능,여행
MBC,나혼자산다,1734,5월3주차,예능,리얼리티
KBS1,KBS9시뉴스,1633,5월3주차,뉴스,뉴스
SBS,TV동물농장,1460,5월3주차,시사/교양,리얼리티
KBS1,인간극장,1440,5월3주차,시사/교양,다큐
KBS2,사장님귀는당나귀귀,1406,5월3주차,예능,리얼 버라이어티 쇼
KBS2,슈퍼맨이돌아왔다,1316,5월3주차,예능,리얼리티
KBS1,김영철의동네한바퀴,1301,5월3주차,시사/교양,다큐
KBS1,가요무대,1300,5월3주차,음악,음악
KBS2,살림하는남자들,1239,5월3주차,예능,리얼리티
MBC,실화탐사대,1227,5월3주차,시사/교양,시사교양
SBS,궁금한이야기Y,1203,5월3주차,시사/교양,시사교양
KBS1,전국노래자랑,1183,5월3주차,음악,음악
MBC,미스터리음악쇼복면가왕,1174,5월3주차,예능,음악
TV CHOSUN,사랑의콜센타,2390,5월3주차,예능,리얼리티
TV CHOSUN,사랑의콜센타,2280,5월3주차,예능,리얼리티
TV CHOSUN,내딸하자,1903,5월3주차,예능,예능
TV CHOSUN,내딸하자,1853,5월3주차,예능,예능
TV CHOSUN,뽕숭아학당인생학교,1831,5월3주차,예능,예능
TV CHOSUN,뽕숭아학당인생학교,1674,5월3주차,예능,예능
JTBC,뭉쳐야쏜다전설들의농구대잔치,1662,5월3주차,예능,스포츠
채널A,강철부대,1276,5월3주차,예능,서바이벌
MBN,보이스킹,1234,5월3주차,예능,오디션
JTBC,(로스쿨),1201,5월3주차,드라마,법률
tvN,마인,1559,5월3주차,드라마,"미스터리, 스릴러"
tvN,(마우스),1362,5월3주차,드라마,"범죄, 스릴러"
tvN,놀라운토요일예능신대륙개척,1078,5월3주차,예능,리얼 버라이어티 쇼
tvN,바퀴달린집2,1041,5월3주차,예능,여행
tvN,유퀴즈온더블럭,992,5월3주차,예능,토크쇼
tvN,(어느날우리집현관으로멸망이들어왔다),967,5월3주차,드라마,로맨스
tvN,알아두면쓸데있는범죄잡학사전,747,5월3주차,예능,범죄
tvN,코미디빅리그,610,5월3주차,예능,코미디
MBC every1,어서와한국은처음이지,515,5월3주차,예능,리얼리티
OCN,미드웨이,455,5월3주차,영화,전쟁
KBS2,(오케이광자매),4209,5월1주차,드라마,로맨스
KBS2,(미스몬테크리스토),2537,5월1주차,드라마,"복수, 멜로"
KBS1,(속아도꿈결),2456,5월1주차,드라마,"가족, 로맨스"
SBS,(복수대행써비스모범택시),2359,5월1주차,드라마,범죄
SBS,미운우리새끼다시쓰는육아일기,2228,5월1주차,예능,리얼리티
MBC,놀면뭐하니,2071,5월1주차,예능,리얼 버라이어티 쇼
KBS2,1박2일,1830,5월1주차,예능,여행
MBC,나혼자산다,1718,5월1주차,예능,리얼리티
KBS1,KBS9시뉴스,1694,5월1주차,뉴스,뉴스
KBS1,인간극장,1534,5월1주차,시사/교양,다큐
SBS,TV동물농장,1522,5월1주차,시사/교양,리얼리티
SBS,궁금한이야기Y,1408,5월1주차,시사/교양,시사교양
SBS,순간포착,1344,5월1주차,시사/교양,리얼리티
KBS2,살림하는남자들,1263,5월1주차,예능,리얼리티
KBS2,박원숙의같이삽시다,1192,5월1주차,예능,시사교양
KBS1,가요무대,1181,5월1주차,음악,음악
KBS1,우리말겨루기,1136,5월1주차,시사/교양,퀴즈
KBS1,아침마당,1134,5월1주차,시사/교양,시사교양
KBS1,시니어토크쇼황금연못,1091,5월1주차,시사/교양,시사교양
SBS,동상이몽2너는내운명,1088,5월1주차,예능,리얼 버라이어티 쇼
TV CHOSUN,사랑의콜센타,2496,5월1주차,예능,리얼리티
TV CHOSUN,뽕숭아학당인생학교,1852,5월1주차,예능,예능
TV CHOSUN,사랑의콜센타,1843,5월1주차,예능,리얼리티
TV CHOSUN,뽕숭아학당인생학교,1694,5월1주차,예능,예능
TV CHOSUN,내딸하자,1609,5월1주차,예능,예능
TV CHOSUN,(마이웨이),1360,5월1주차,영화,전쟁
JTBC,뭉쳐야쏜다전설들의농구대잔치,1267,5월1주차,예능,스포츠
TV CHOSUN,내딸하자,1210,5월1주차,예능,예능
MBN,보이스킹,1201,5월1주차,예능,오디션
채널A,강철부대,1135,5월1주차,예능,서바이벌
tvN,(빈센조),3464,5월1주차,드라마,"블랙코미디, 범죄, 액션"
tvN,시골슈퍼영업일지어쩌다사장,1430,5월1주차,예능,리얼리티
tvN,유퀴즈온더블럭,1146,5월1주차,예능,토크쇼
tvN,놀라운토요일예능신대륙개척,1055,5월1주차,예능,리얼 버라이어티 쇼
tvN,바퀴달린집2,1007,5월1주차,예능,여행
tvN,(마우스더프레데터),954,5월1주차,드라마,"미스터리, 스릴러"
tvN,알아두면쓸데있는범죄잡학사전,761,5월1주차,예능,범죄
tvN,(나빌레라),742,5월1주차,드라마,휴머니즘
tvN,코미디빅리그,613,5월1주차,예능,코미디
tvN,신박한정리집구석카운슬링,559,5월1주차,예능,리얼리티
SBS,미운우리새끼다시쓰는육아일기,2834,4월3주차,예능,리얼리티
KBS2,(미스몬테크리스토),2634,4월3주차,드라마,"복수, 멜로"
KBS1,(속아도꿈결),2481,4월3주차,드라마,"가족, 로맨스"
SBS,(복수대행써비스모범택시),2398,4월3주차,드라마,범죄
KBS2,(오케이광자매스페셜),2163,4월3주차,드라마,"가족, 로맨스"
MBC,놀면뭐하니,2120,4월3주차,예능,리얼 버라이어티 쇼
KBS2,1박2일,2061,4월3주차,예능,여행
KBS2,(오케이광자매스페셜),1984,4월3주차,드라마,"가족, 로맨스"
KBS1,인간극장,1691,4월3주차,시사/교양,다큐
KBS1,KBS9시뉴스,1688,4월3주차,뉴스,뉴스
SBS,TV동물농장,1638,4월3주차,시사/교양,리얼리티
KBS2,슈퍼맨이돌아왔다,1542,4월3주차,예능,리얼리티
MBC,나혼자산다,1471,4월3주차,예능,리얼리티
KBS1,아침마당,1337,4월3주차,시사/교양,시사교양
MBC,실화탐사대,1331,4월3주차,시사/교양,시사교양
SBS,궁금한이야기Y,1289,4월3주차,시사/교양,시사교양
SBS,그것이알고싶다,1288,4월3주차,시사/교양,시사교양
KBS1,김영철의동네한바퀴,1263,4월3주차,시사/교양,다큐
KBS2,(달이뜨는강),1249,4월3주차,드라마,사극
SBS,정글의법칙봄,1247,4월3주차,예능,리얼리티
TV CHOSUN,사랑의콜센타,2542,4월3주차,예능,리얼리티
TV CHOSUN,사랑의콜센타,2519,4월3주차,예능,리얼리티
TV CHOSUN,뽕숭아학당인생학교,2080,4월3주차,예능,예능
TV CHOSUN,내딸하자,1975,4월3주차,예능,예능
TV CHOSUN,뽕숭아학당인생학교,1926,4월3주차,예능,예능
JTBC,뭉쳐야쏜다전설들의농구대잔치,1819,4월3주차,예능,스포츠
TV CHOSUN,내딸하자,1716,4월3주차,예능,예능
TV CHOSUN,TV조선뉴스9,1196,4월3주차,뉴스,뉴스
TV CHOSUN,세상어디에도없는아내의맛,1141,4월3주차,예능,리얼 버라이어티 쇼
채널A,강철부대,1048,4월3주차,예능,서바이벌
tvN,시골슈퍼영업일지어쩌다사장,1335,4월3주차,예능,예능
tvN,(마우스),1262,4월3주차,드라마,"범죄, 스릴러"
tvN,놀라운토요일예능신대륙개척,1252,4월3주차,예능,리얼 버라이어티 쇼
tvN,빈센조,1157,4월3주차,드라마,"블랙코미디, 범죄, 스릴러"
tvN,바퀴달린집2,1097,4월3주차,예능,여행
tvN,유퀴즈온더블럭,1013,4월3주차,예능,토크쇼
tvN,코미디빅리그,698,4월3주차,예능,코미디
tvN,(나빌레라),595,4월3주차,드라마,휴머니즘
tvN,알아두면쓸데있는범죄잡학사전,497,4월3주차,예능,범죄
tvN,자발적불편챌린지업글인간,470,4월3주차,예능,리얼리티
SBS,(WARINLIFE펜트하우스2),4350,4월1주차,드라마,"범죄, 스릴러"
KBS2,(오케이광자매),4125,4월1주차,드라마,로맨스
KBS1,(속아도꿈결),2706,4월1주차,드라마,"가족, 로맨스"
KBS2,(미스몬테크리스토),2661,4월1주차,드라마,"복수, 멜로"
SBS,미운우리새끼다시쓰는육아일기,2035,4월1주차,예능,리얼리티
KBS2,1박2일,1977,4월1주차,예능,여행
KBS1,KBS9시뉴스,1744,4월1주차,뉴스,뉴스
SBS,(WARINLIFE펜트하우스2히든룸끝나지않은이야기),1735,4월1주차,드라마,"범죄, 스릴러"
KBS1,인간극장,1523,4월1주차,시사/교양,다큐
KBS2,슈퍼맨이돌아왔다,1511,4월1주차,예능,리얼리티
MBC,나혼자산다,1481,4월1주차,예능,리얼리티
KBS1,김영철의동네한바퀴,1473,4월1주차,시사/교양,다큐
SBS,TV동물농장,1428,4월1주차,시사/교양,리얼리티
KBS2,(달이뜨는강),1320,4월1주차,드라마,사극
KBS2,살림하는남자들,1285,4월1주차,예능,리얼리티
SBS,궁금한이야기Y,1279,4월1주차,시사/교양,시사교양
KBS1,우리말겨루기,1219,4월1주차,시사/교양,퀴즈
KBS2,사장님귀는당나귀귀,1215,4월1주차,예능,리얼 버라이어티 쇼
KBS1,아침마당,1205,4월1주차,시사/교양,시사교양
KBS1,가요무대,1198,4월1주차,음악,음악
TV CHOSUN,사랑의콜센타,2463,4월1주차,예능,리얼리티
TV CHOSUN,사랑의콜센타,2327,4월1주차,예능,리얼리티
TV CHOSUN,뽕숭아학당인생학교,2300,4월1주차,예능,예능
TV CHOSUN,내딸하자,1892,4월1주차,예능,예능
TV CHOSUN,뽕숭아학당인생학교,1842,4월1주차,예능,예능
TV CHOSUN,내딸하자,1817,4월1주차,예능,예능
JTBC,뭉쳐야쏜다전설들의농구대잔치,1421,4월1주차,예능,스포츠
TV CHOSUN,세상어디에도없는아내의맛,1333,4월1주차,예능,리얼 버라이어티 쇼
TV CHOSUN,TV조선뉴스9,1264,4월1주차,뉴스,뉴스
JTBC,(괴물),1233,4월1주차,드라마,스릴러
tvN,(빈센조),2878,4월1주차,드라마,"블랙코미디, 범죄, 액션"
tvN,윤스테이사장님마음담아,1661,4월1주차,예능,리얼리티
tvN,(마우스),1374,4월1주차,드라마,"범죄, 스릴러"
tvN,시골슈퍼영업일지어쩌다사장,1302,4월1주차,예능,예능
tvN,놀라운토요일예능신대륙개척,1287,4월1주차,예능,리얼 버라이어티 쇼
tvN,유퀴즈온더블럭,1284,4월1주차,예능,토크쇼
tvN,(나빌레라),717,4월1주차,드라마,휴머니즘
tvN,알아두면쓸데있는범죄잡학사전,699,4월1주차,예능,범죄
tvN,코미디빅리그,659,4월1주차,예능,코미디
SBS Sports,2020/2021V리그여자부FINALS,538,4월1주차,스포츠,스포츠
SBS,(WARINLIFE펜트하우스2),4470,3월3주차,드라마,"범죄, 스릴러"
KBS2,(오케이광자매),4118,3월3주차,드라마,로맨스
KBS1,(누가뭐래도),3383,3월3주차,드라마,"가족, 로맨스"
SBS,미운우리새끼다시쓰는육아일기,2630,3월3주차,예능,리얼리티
KBS2,(미스몬테크리스토),2558,3월3주차,드라마,"복수, 멜로"
KBS2,1박2일,2003,3월3주차,예능,여행
KBS1,KBS9시뉴스,1865,3월3주차,뉴스,뉴스
MBC,나혼자산다,1699,3월3주차,예능,리얼리티
MBC,놀면뭐하니,1611,3월3주차,예능,리얼 버라이어티 쇼
SBS,TV동물농장,1483,3월3주차,시사/교양,리얼리티
KBS1,인간극장,1477,3월3주차,시사/교양,다큐
SBS,궁금한이야기Y,1396,3월3주차,시사/교양,시사교양
KBS2,(달이뜨는강),1342,3월3주차,드라마,사극
KBS1,한국인의밥상,1281,3월3주차,시사/교양,시사교양
KBS2,슈퍼맨이돌아왔다,1272,3월3주차,예능,리얼리티
SBS,순간포착,1253,3월3주차,시사/교양,리얼리티
KBS1,아침마당,1247,3월3주차,시사/교양,시사교양
KBS2,불후의명곡,1239,3월3주차,예능,음악
KBS2,살림하는남자들,1217,3월3주차,예능,리얼리티
MBC,미스터리음악쇼복면가왕,1180,3월3주차,예능,음악
TV CHOSUN,내일은미스트롯2토크콘서트,3108,3월3주차,예능,음악
TV CHOSUN,내일은미스트롯2토크콘서트,3080,3월3주차,예능,음악
TV CHOSUN,사랑의콜센타,2813,3월3주차,예능,리얼리티
TV CHOSUN,사랑의콜센타,2563,3월3주차,예능,리얼리티
TV CHOSUN,뽕숭아학당인생학교,2053,3월3주차,예능,예능
TV CHOSUN,뽕숭아학당인생학교,1859,3월3주차,예능,예능
TV CHOSUN,세상어디에도없는아내의맛,1615,3월3주차,예능,리얼 버라이어티 쇼
JTBC,뭉쳐야쏜다전설들의농구대잔치,1479,3월3주차,예능,스포츠
TV CHOSUN,TV조선뉴스9,1363,3월3주차,뉴스,뉴스
TV CHOSUN,(마이웨이),1269,3월3주차,영화,전쟁
tvN,(빈센조),2694,3월3주차,드라마,"블랙코미디, 범죄, 액션"
tvN,윤스테이사장님마음담아,1890,3월3주차,예능,리얼리티
tvN,(마우스),1547,3월3주차,드라마,"범죄, 스릴러"
tvN,시골슈퍼영업일지어쩌다사장,1462,3월3주차,예능,예능
tvN,유퀴즈온더블럭,1350,3월3주차,예능,토크쇼
tvN,놀라운토요일예능신대륙개척,1041,3월3주차,예능,리얼 버라이어티 쇼
tvN,코미디빅리그,744,3월3주차,예능,코미디
tvN,벌거벗은세계사,685,3월3주차,예능,역사
tvN,신박한정리집구석카운슬링,656,3월3주차,예능,리얼리티
tvN,출장십오야,607,3월3주차,예능,예능
KBS2,(오삼광빌라),5258,3월1주차,드라마,"가족, 로맨스"
SBS,(WARINLIFE펜트하우스2),4512,3월1주차,드라마,"범죄, 스릴러"
KBS1,(누가뭐래도),3429,3월1주차,드라마,"가족, 로맨스"
SBS,미운우리새끼다시쓰는육아일기,2353,3월1주차,예능,리얼리티
KBS2,(미스몬테크리스토),2295,3월1주차,드라마,"복수, 멜로"
KBS2,1박2일,2249,3월1주차,예능,여행
KBS1,KBS9시뉴스,1927,3월1주차,뉴스,뉴스
MBC,나혼자산다,1711,3월1주차,예능,리얼리티
MBC,놀면뭐하니,1705,3월1주차,예능,리얼 버라이어티 쇼
KBS1,인간극장,1520,3월1주차,시사/교양,다큐
SBS,TV동물농장,1519,3월1주차,시사/교양,리얼리티
KBS2,살림하는남자들,1414,3월1주차,예능,리얼리티
KBS2,(달이뜨는강),1361,3월1주차,드라마,사극
KBS1,아침마당,1324,3월1주차,시사/교양,시사교양
SBS,궁금한이야기Y,1312,3월1주차,시사/교양,시사교양
SBS,동상이몽2너는내운명,1247,3월1주차,예능,리얼 버라이어티 쇼
KBS1,김영철의동네한바퀴,1242,3월1주차,시사/교양,다큐
KBS2,슈퍼맨이돌아왔다,1237,3월1주차,예능,리얼리티
KBS2,박원숙의같이삽시다,1233,3월1주차,예능,시사교양
KBS1,우리말겨루기,1225,3월1주차,시사/교양,퀴즈
TV CHOSUN,내일은미스트롯,6670,3월1주차,예능,음악
TV CHOSUN,내일은미스트롯,5942,3월1주차,예능,음악
TV CHOSUN,사랑의콜센타,2461,3월1주차,예능,리얼리티
TV CHOSUN,사랑의콜센타,2355,3월1주차,예능,리얼리티
TV CHOSUN,뽕숭아학당인생학교,2179,3월1주차,예능,예능
TV CHOSUN,뽕숭아학당인생학교,2003,3월1주차,예능,예능
JTBC,뭉쳐야쏜다전설들의농구대잔치,1703,3월1주차,예능,스포츠
TV CHOSUN,세상어디에도없는아내의맛,1540,3월1주차,예능,예능
TV CHOSUN,세상어디에도없는아내의맛,1522,3월1주차,예능,예능
TV CHOSUN,(결혼작사이혼작곡),1488,3월1주차,드라마,멜로
tvN,(빈센조),2674,3월1주차,드라마,"블랙 코미디,범죄,액션"
tvN,윤스테이사장님마음담아,1753,3월1주차,예능,리얼리티
tvN,(루카더비기닝),1391,3월1주차,드라마,SF
tvN,시골슈퍼영업일지어쩌다사장,1277,3월1주차,예능,리얼리티
tvN,놀라운토요일예능신대륙개척,1212,3월1주차,예능,리얼 버라이어티 쇼
tvN,(마우스),1082,3월1주차,드라마,미스터리
tvN,유퀴즈온더블럭,1004,3월1주차,예능,토크쇼
tvN,벌거벗은세계사,865,3월1주차,예능,역사
tvN,너의목소리가보여8,548,3월1주차,예능,음악
tvN,코미디빅리그,537,3월1주차,예능,코미디
KBS2,(오삼광빌라),5107,2월3주차,드라마,"가족, 로맨스"
KBS1,(누가뭐래도),3511,2월3주차,드라마,"가족, 로맨스"
SBS,(WARINLIFE펜트하우스2),3509,2월3주차,드라마,스릴러
KBS2,트롯전국체전,2795,2월3주차,예능,음악
SBS,미운우리새끼다시쓰는육아일기,2399,2월3주차,예능,리얼리티
KBS2,(미스몬테크리스토),2198,2월3주차,드라마,로맨스
MBC,나혼자산다,2169,2월3주차,예능,리얼리티
KBS2,1박2일,2007,2월3주차,예능,여행
KBS1,KBS9시뉴스,1939,2월3주차,뉴스,뉴스
MBC,놀면뭐하니,1838,2월3주차,예능,리얼 버라이어티 쇼
KBS1,한국인의밥상,1785,2월3주차,시사/교양,시사교양
KBS1,인간극장,1583,2월3주차,시사/교양,다큐
SBS,TV동물농장,1514,2월3주차,시사/교양,리얼리티
KBS1,김영철의동네한바퀴,1494,2월3주차,시사/교양,다큐
KBS2,슈퍼맨이돌아왔다,1477,2월3주차,예능,리얼리티
SBS,궁금한이야기Y,1435,2월3주차,시사/교양,시사교양
KBS2,(달이뜨는강),1433,2월3주차,드라마,사극
KBS1,아침마당,1424,2월3주차,시사/교양,시사교양
SBS,순간포착,1407,2월3주차,시사/교양,리얼리티
KBS1,우리말겨루기,1291,2월3주차,시사/교양,퀴즈
TV CHOSUN,내일은미스트롯,6301,2월3주차,예능,음악
TV CHOSUN,내일은미스트롯,5831,2월3주차,예능,음악
TV CHOSUN,사랑의콜센타,2779,2월3주차,예능,리얼리티
TV CHOSUN,미스터트롯F4뽕숭아학당,2342,2월3주차,예능,예능
TV CHOSUN,사랑의콜센타,2299,2월3주차,예능,리얼리티
TV CHOSUN,미스터트롯F4뽕숭아학당,2112,2월3주차,예능,예능
TV CHOSUN,세상어디에도없는아내의맛,1802,2월3주차,예능,버라이어티
JTBC,뭉쳐야쏜다전설들의농구대잔치,1625,2월3주차,예능,스포츠
TV CHOSUN,리얼타임우리이혼했어요,1522,2월3주차,드라마,리얼리티
TV CHOSUN,(결혼작사이혼작곡),1475,2월3주차,드라마,멜로
tvN,(빈센조),2161,2월3주차,드라마,"블랙 코미디,범죄,액션"
tvN,윤스테이사장님마음담아,1971,2월3주차,예능,리얼리티
tvN,(루카더비기닝),1265,2월3주차,드라마,SF
tvN,유퀴즈온더블럭,1223,2월3주차,예능,토크쇼
tvN,놀라운토요일예능신대륙개척,1099,2월3주차,예능,리얼 버라이어티 쇼
tvN,벌거벗은세계사,843,2월3주차,예능,역사
tvN,온앤오프,674,2월3주차,예능,리얼리티
tvN,너의목소리가보여8,551,2월3주차,예능,음악
tvN,코미디빅리그,550,2월3주차,예능,코미디
tvN,신박한정리집구석카운슬링,537,2월3주차,예능,리얼리티
KBS2,(오삼광빌라),5191,2월1주차,드라마,"가족, 로맨스"
KBS1,(누가뭐래도),3365,2월1주차,드라마,"가족, 로맨스"
KBS2,(비밀의남자),3228,2월1주차,드라마,멜로
KBS2,1박2일,2399,2월1주차,예능,여행
KBS2,트롯전국체전,2318,2월1주차,예능,음악
SBS,미운우리새끼다시쓰는육아일기,2130,2월1주차,예능,리얼리티
MBC,나혼자산다,1995,2월1주차,예능,리얼리티
KBS2,(암행어사조선비밀수사단),1964,2월1주차,드라마,사극
MBC,놀면뭐하니,1936,2월1주차,예능,리얼 버라이어티 쇼
KBS1,KBS9시뉴스,1866,2월1주차,뉴스,뉴스
SBS,TV동물농장,1654,2월1주차,시사/교양,리얼리티
KBS1,인간극장,1605,2월1주차,시사/교양,다큐
KBS1,김영철의동네한바퀴,1475,2월1주차,시사/교양,다큐
KBS2,슈퍼맨이돌아왔다,1442,2월1주차,예능,리얼리티
KBS1,아침마당,1366,2월1주차,시사/교양,시사교양
KBS2,사장님귀는당나귀귀,1355,2월1주차,예능,리얼 버라이어티 쇼
KBS2,살림하는남자들,1321,2월1주차,예능,리얼리티
KBS1,6시내고향,1310,2월1주차,시사/교양,시사교양
SBS,궁금한이야기Y,1306,2월1주차,시사/교양,시사교양
KBS1,한국인의밥상,1299,2월1주차,시사/교양,시사교양
TV CHOSUN,내일은미스트롯,6277,2월1주차,예능,음악
TV CHOSUN,내일은미스트롯,5636,2월1주차,예능,음악
TV CHOSUN,사랑의콜센타,2811,2월1주차,예능,리얼리티
TV CHOSUN,사랑의콜센타,2644,2월1주차,예능,리얼리티
JTBC,싱어게인무명가수전,2318,2월1주차,예능,음악
TV CHOSUN,미스터트롯F4뽕숭아학당,2019,2월1주차,예능,예능
TV CHOSUN,미스터트롯F4뽕숭아학당,1987,2월1주차,예능,예능
TV CHOSUN,세상어디에도없는아내의맛,1853,2월1주차,예능,버라이어티
JTBC,뭉쳐야쏜다전설들의농구대잔치,1813,2월1주차,예능,스포츠
TV CHOSUN,(결혼작사이혼작곡),1511,2월1주차,드라마,멜로
tvN,(철인왕후조선중전영혼가출스캔들),3849,2월1주차,드라마,사극
tvN,윤스테이사장님마음담아,2849,2월1주차,예능,리얼리티
tvN,유퀴즈온더블럭,1424,2월1주차,예능,토크쇼
tvN,벌거벗은세계사,1333,2월1주차,예능,역사
tvN,(루카더비기닝),1333,2월1주차,드라마,SF
tvN,(여신강림),1312,2월1주차,드라마,로맨스
tvN,놀라운토요일예능신대륙개척,1061,2월1주차,예능,리얼 버라이어티 쇼
tvN,난리났네난리났어,924,2월1주차,예능,예능
tvN,코미디빅리그,707,2월1주차,예능,코미디
MBC every1,어서와한국은처음이지,591,2월1주차,예능,여행
KBS2,(오삼광빌라),5310,1월5주차,드라마,"가족, 로맨스"
KBS1,(누가뭐래도),3474,1월5주차,드라마,"가족, 로맨스"
KBS2,(비밀의남자),3212,1월5주차,드라마,멜로
SBS,미운우리새끼다시쓰는육아일기,2793,1월5주차,예능,리얼리티
KBS2,트롯전국체전,2415,1월5주차,예능,음악
MBC,놀면뭐하니,2201,1월5주차,예능,리얼 버라이어티 쇼
KBS2,1박2일,2151,1월5주차,예능,여행
KBS1,KBS9시뉴스,2096,1월5주차,뉴스,뉴스
MBC,나혼자산다,1992,1월5주차,예능,리얼리티
KBS2,(암행어사조선비밀수사단),1785,1월5주차,드라마,사극
KBS1,인간극장,1634,1월5주차,시사/교양,다큐
SBS,궁금한이야기Y,1571,1월5주차,시사/교양,시사교양
KBS2,살림하는남자들,1540,1월5주차,예능,리얼리티
SBS,TV동물농장,1525,1월5주차,시사/교양,리얼리티
KBS2,슈퍼맨이돌아왔다,1471,1월5주차,예능,리얼리티
KBS1,아침마당,1403,1월5주차,시사/교양,시사교양
KBS1,6시내고향,1401,1월5주차,시사/교양,시사교양
KBS1,김영철의동네한바퀴,1396,1월5주차,시사/교양,다큐
KBS1,한국인의밥상,1387,1월5주차,시사/교양,시사교양
SBS,순간포착,1353,1월5주차,시사/교양,리얼리티
TV CHOSUN,내일은미스트롯,5932,1월5주차,예능,음악
TV CHOSUN,내일은미스트롯,5581,1월5주차,예능,음악
TV CHOSUN,사랑의콜센타,2956,1월5주차,예능,리얼리티
TV CHOSUN,사랑의콜센타,2747,1월5주차,예능,리얼리티
TV CHOSUN,미스터트롯F4뽕숭아학당,2451,1월5주차,예능,예능
TV CHOSUN,미스터트롯F4뽕숭아학당,2222,1월5주차,예능,예능
JTBC,싱어게인무명가수전,2059,1월5주차,예능,음악
TV CHOSUN,세상어디에도없는아내의맛,1708,1월5주차,예능,버라이어티
TV CHOSUN,(결혼작사이혼작곡),1533,1월5주차,드라마,멜로
TV CHOSUN,세상어디에도없는아내의맛,1456,1월5주차,예능,버라이어티
tvN,(철인왕후조선중전영혼가출스캔들),3999,1월5주차,드라마,사극
tvN,윤스테이사장님마음담아,2919,1월5주차,예능,리얼리티
tvN,벌거벗은세계사,1403,1월5주차,예능,역사
tvN,(여신강림),1178,1월5주차,드라마,로맨스
tvN,유퀴즈온더블럭,1170,1월5주차,예능,토크쇼
tvN,놀라운토요일예능신대륙개척,1034,1월5주차,예능,리얼 버라이어티 쇼
tvN,난리났네난리났어,1007,1월5주차,예능,예능
tvN,너의목소리가보여8,687,1월5주차,예능,음악
tvN,이서진의뉴욕뉴욕부사장님의추억여행,603,1월5주차,예능,여행
tvN,코미디빅리그,586,1월5주차,예능,코미디
KBS2,(오삼광빌라),4973,1월3주차,드라마,"가족, 로맨스"
KBS1,(누가뭐래도),3460,1월3주차,드라마,"가족, 로맨스"
KBS2,(비밀의남자),3130,1월3주차,드라마,멜로
SBS,미운우리새끼다시쓰는육아일기,2900,1월3주차,예능,리얼리티
KBS2,1박2일,2623,1월3주차,예능,여행
MBC,놀면뭐하니,2310,1월3주차,예능,리얼 버라이어티 쇼
KBS2,트롯전국체전,2298,1월3주차,예능,음악
MBC,나혼자산다,2148,1월3주차,예능,리얼리티
KBS1,KBS9시뉴스,2038,1월3주차,뉴스,뉴스
SBS,(WARINLIFE펜트하우스히든룸숨겨진이야기),1801,1월3주차,드라마,예능
KBS2,살림하는남자들,1797,1월3주차,예능,리얼리티
SBS,(WARINLIFE펜트하우스히든룸숨겨진이야기),1711,1월3주차,드라마,예능
SBS,TV동물농장,1669,1월3주차,시사/교양,리얼리티
KBS1,한국인의밥상,1669,1월3주차,예능,시사교양
MBC,미스터리음악쇼복면가왕,1626,1월3주차,예능,음악
KBS1,김영철의동네한바퀴,1582,1월3주차,시사/교양,다큐
KBS2,슈퍼맨이돌아왔다,1537,1월3주차,예능,리얼리티
KBS1,6시내고향,1490,1월3주차,시사/교양,시사교양
KBS2,사장님귀는당나귀귀,1455,1월3주차,예능,리얼 버라이어티 쇼
KBS1,인간극장,1445,1월3주차,시사/교양,다큐
TV CHOSUN,내일은미스트롯,6335,1월3주차,예능,음악
TV CHOSUN,내일은미스트롯,5518,1월3주차,예능,음악
TV CHOSUN,사랑의콜센타,2724,1월3주차,예능,리얼리티
TV CHOSUN,사랑의콜센타,2457,1월3주차,예능,리얼리티
TV CHOSUN,미스터트롯F4뽕숭아학당,2191,1월3주차,예능,예능
TV CHOSUN,미스터트롯F4뽕숭아학당,2170,1월3주차,예능,예능
JTBC,싱어게인무명가수전,1984,1월3주차,예능,음악
TV CHOSUN,세상어디에도없는아내의맛,1891,1월3주차,예능,버라이어티
TV CHOSUN,세상어디에도없는아내의맛,1617,1월3주차,예능,버라이어티
TV CHOSUN,내일은미스트롯,1568,1월3주차,예능,음악
tvN,(철인왕후조선중전영혼가출스캔들),3427,1월3주차,드라마,사극
OCN,경이로운소문,2978,1월3주차,드라마,미스터리
tvN,윤스테이사장님마음담아,2654,1월3주차,예능,리얼리티
tvN,유퀴즈온더블럭,1252,1월3주차,예능,토크쇼
tvN,(여신강림),1241,1월3주차,드라마,로맨스
tvN,놀라운토요일예능신대륙개척,1224,1월3주차,예능,리얼 버라이어티 쇼
tvN,(낮과밤),1198,1월3주차,드라마,미스터리
tvN,코미디빅리그,717,1월3주차,예능,코미디
tvN,신박한정리집구석카운슬링,661,1월3주차,예능,리얼리티
MBC every1,어서와한국은처음이지,621,1월3주차,예능,여행
KBS2,(오삼광빌라),5431,1월1주차,드라마,"가족, 로맨스"
SBS,(WARINLIFE펜트하우스),3940,1월1주차,드라마,"범죄, 스릴러"
KBS1,(누가뭐래도),3392,1월1주차,드라마,"가족, 로맨스"
KBS2,(비밀의남자),3042,1월1주차,드라마,멜로
SBS,미운우리새끼다시쓰는육아일기,2725,1월1주차,예능,리얼리티
KBS2,1박2일,2352,1월1주차,예능,여행
MBC,놀면뭐하니,2101,1월1주차,예능,리얼 버라이어티 쇼
KBS2,트롯전국체전,2086,1월1주차,예능,음악
KBS1,KBS9시뉴스,1915,1월1주차,뉴스,뉴스
KBS1,한국인의밥상,1697,1월1주차,시사/교양,시사교양
KBS2,살림하는남자들,1658,1월1주차,예능,리얼리티
KBS2,사장님귀는당나귀귀,1618,1월1주차,예능,리얼 버라이어티 쇼
SBS,궁금한이야기Y,1587,1월1주차,시사/교양,시사교양
SBS,트롯신이떴다2LASTCHANCE,1583,1월1주차,예능,음악
KBS2,슈퍼맨이돌아왔다,1559,1월1주차,예능,리얼리티
MBC,미스터리음악쇼복면가왕,1547,1월1주차,예능,음악
KBS2,불후의명곡,1512,1월1주차,예능,음악
SBS,TV동물농장,1508,1월1주차,시사/교양,리얼리티
KBS1,6시내고향,1496,1월1주차,시사/교양,시사교양
KBS1,아침마당,1486,1월1주차,시사/교양,시사교양
TV CHOSUN,내일은미스트롯,5720,1월1주차,예능,음악
TV CHOSUN,내일은미스트롯,5056,1월1주차,예능,음악
TV CHOSUN,내일은미스트롯,4691,1월1주차,예능,음악
TV CHOSUN,사랑의콜센타,3179,1월1주차,예능,리얼리티
TV CHOSUN,사랑의콜센타,2594,1월1주차,예능,리얼리티
TV CHOSUN,미스터트롯F4뽕숭아학당,2503,1월1주차,예능,예능
TV CHOSUN,미스터트롯F4뽕숭아학당,2265,1월1주차,예능,예능
JTBC,아는형님,1931,1월1주차,예능,리얼리티
TV CHOSUN,내일은미스트롯,1718,1월1주차,예능,음악
JTBC,뭉쳐야찬다전설들의조기축구,1474,1월1주차,예능,스포츠
tvN,(철인왕후조선중전영혼가출스캔들),3261,1월1주차,드라마,사극
OCN,경이로운소문,2745,1월1주차,드라마,미스터리
tvN,유퀴즈온더블럭,1182,1월1주차,예능,토크쇼
tvN,놀라운토요일예능신대륙개척,1059,1월1주차,예능,리얼 버라이어티 쇼
tvN,(낮과밤),934,1월1주차,드라마,미스터리
tvN,코미디빅리그,740,1월1주차,예능,코미디
tvN,신박한정리집구석카운슬링,727,1월1주차,예능,리얼리티
OCN,맨인블랙:인터내셔널,608,1월1주차,영화,"액션, SF"
tvN,신서유기8,587,1월1주차,예능,버라이어티 쇼
tvN,나쁜녀석들,578,1월1주차,영화,스릴러
